{
  "input": "/tmp/pi-rogue-binary-weighted-final/final-input.jsonl",
  "rows": 2746,
  "weightedRows": 2831,
  "train": 2197,
  "test": 549,
  "binaryCounts": {
    "escalate": 1400,
    "continue": 1346
  },
  "sourceCounts": {
    "gold": 339,
    "pi_session": 756,
    "claude_history": 1350,
    "terminal-bench-core-0.1.1": 216,
    "advisor_flow_2026_06_04": 38,
    "advisor_flow_v3": 47
  },
  "majority": {
    "label": "escalate",
    "accuracy": 0.5100182149362478,
    "correct": 280,
    "total": 549
  },
  "logistic": {
    "accuracy": 0.8761384335154827,
    "bestEpoch": 39,
    "escalate": {
      "precision": 0.8897058823529411,
      "recall": 0.8642857142857143,
      "f1": 0.8768115942028986,
      "support": 280
    },
    "continue": {
      "precision": 0.8628158844765343,
      "recall": 0.8884758364312267,
      "f1": 0.8754578754578755,
      "support": 269
    },
    "confusion": [
      {
        "actual": "continue",
        "predicted": [
          [
            "continue",
            239
          ],
          [
            "escalate",
            30
          ]
        ]
      },
      {
        "actual": "escalate",
        "predicted": [
          [
            "continue",
            38
          ],
          [
            "escalate",
            242
          ]
        ]
      }
    ]
  }
}
