{
  "input": "/tmp/pi-rogue-binary-flow-2026-06-04/combined-final-k3.jsonl",
  "rows": 2663,
  "train": 2131,
  "test": 532,
  "binaryCounts": {
    "escalate": 1282,
    "continue": 1381
  },
  "sourceCounts": {
    "gold": 339,
    "pi_session": 756,
    "claude_history": 1350,
    "terminal-bench-core-0.1.1": 80,
    "advisor_flow_2026_06_04": 138
  },
  "majority": {
    "label": "escalate",
    "accuracy": 0.48120300751879697,
    "correct": 256,
    "total": 532
  },
  "logistic": {
    "accuracy": 0.8740601503759399,
    "bestEpoch": 24,
    "escalate": {
      "precision": 0.8620689655172413,
      "recall": 0.87890625,
      "f1": 0.8704061895551257,
      "support": 256
    },
    "continue": {
      "precision": 0.8856088560885609,
      "recall": 0.8695652173913043,
      "f1": 0.8775137111517367,
      "support": 276
    },
    "confusion": [
      {
        "actual": "continue",
        "predicted": [
          [
            "continue",
            240
          ],
          [
            "escalate",
            36
          ]
        ]
      },
      {
        "actual": "escalate",
        "predicted": [
          [
            "continue",
            31
          ],
          [
            "escalate",
            225
          ]
        ]
      }
    ]
  }
}
